observation_date,apparel_sales_nsa,apparel_sales_sa,cpi,cpi_is_imputed,unrate,unrate_is_computed
1990-01-01,NULL,NULL,127.5,0,5.4,0
1990-02-01,NULL,NULL,128,0,5.3,0
1990-03-01,NULL,NULL,128.6,0,5.2,0
1990-04-01,NULL,NULL,128.9,0,5.4,0
1990-05-01,NULL,NULL,129.1,0,5.4,0
1990-06-01,NULL,NULL,129.9,0,5.2,0
1990-07-01,NULL,NULL,130.5,0,5.5,0
1990-08-01,NULL,NULL,131.6,0,5.7,0
1990-09-01,NULL,NULL,132.5,0,5.9,0
1990-10-01,NULL,NULL,133.4,0,5.9,0
1990-11-01,NULL,NULL,133.7,0,6.2,0
1990-12-01,NULL,NULL,134.2,0,6.3,0
1991-01-01,NULL,NULL,134.7,0,6.4,0
1991-02-01,NULL,NULL,134.8,0,6.6,0
1991-03-01,NULL,NULL,134.8,0,6.8,0
1991-04-01,NULL,NULL,135.1,0,6.7,0
1991-05-01,NULL,NULL,135.6,0,6.9,0
1991-06-01,NULL,NULL,136,0,6.9,0
1991-07-01,NULL,NULL,136.2,0,6.8,0
1991-08-01,NULL,NULL,136.6,0,6.9,0
1991-09-01,NULL,NULL,137,0,6.9,0
1991-10-01,NULL,NULL,137.2,0,7,0
1991-11-01,NULL,NULL,137.8,0,7,0
1991-12-01,NULL,NULL,138.2,0,7.3,0
1992-01-01,6734,9459,138.3,0,7.3,0
1992-02-01,7302,9444,138.6,0,7.4,0
1992-03-01,8245,9325,139.1,0,7.4,0
1992-04-01,9152,9610,139.4,0,7.4,0
1992-05-01,9294,9477,139.7,0,7.6,0
1992-06-01,8930,9622,140.1,0,7.8,0
1992-07-01,8846,9709,140.5,0,7.7,0
1992-08-01,10226,9886,140.8,0,7.6,0
1992-09-01,9311,9833,141.1,0,7.6,0
1992-10-01,9974,9904,141.7,0,7.3,0
1992-11-01,10876,9824,142.1,0,7.4,0
1992-12-01,17834,9991,142.3,0,7.4,0
1993-01-01,7297,10278,142.8,0,7.3,0
1993-02-01,7306,9889,143.1,0,7.1,0
1993-03-01,8531,9601,143.3,0,7,0
1993-04-01,9610,10017,143.8,0,7.1,0
1993-05-01,9787,10089,144.2,0,7.1,0
1993-06-01,9364,10071,144.3,0,7,0
1993-07-01,9511,10290,144.5,0,6.9,0
1993-08-01,10331,10094,144.8,0,6.8,0
1993-09-01,9735,10263,145,0,6.7,0
1993-10-01,10060,10162,145.6,0,6.8,0
1993-11-01,11430,10174,146,0,6.6,0
1993-12-01,18272,10208,146.3,0,6.5,0
1994-01-01,7077,10165,146.3,0,6.6,0
1994-02-01,7676,10314,146.7,0,6.6,0
1994-03-01,9661,10502,147.1,0,6.5,0
1994-04-01,9607,10215,147.2,0,6.4,0
1994-05-01,9736,10111,147.5,0,6.1,0
1994-06-01,9629,10324,147.9,0,6.1,0
1994-07-01,9467,10377,148.4,0,6.1,0
1994-08-01,10846,10545,149,0,6,0
1994-09-01,9936,10403,149.3,0,5.9,0
1994-10-01,10434,10701,149.4,0,5.8,0
1994-11-01,12003,10641,149.8,0,5.6,0
1994-12-01,19396,10662,150.1,0,5.5,0
1995-01-01,7306,10601,150.5,0,5.6,0
1995-02-01,7731,10320,150.9,0,5.4,0
1995-03-01,9552,10558,151.2,0,5.4,0
1995-04-01,9902,10476,151.8,0,5.8,0
1995-05-01,10323,10646,152.1,0,5.6,0
1995-06-01,10024,10654,152.4,0,5.6,0
1995-07-01,9514,10527,152.6,0,5.7,0
1995-08-01,10961,10483,152.9,0,5.7,0
1995-09-01,10417,10902,153.1,0,5.6,0
1995-10-01,10151,10541,153.5,0,5.5,0
1995-11-01,12401,10980,153.7,0,5.6,0
1995-12-01,19390,10839,153.9,0,5.6,0
1996-01-01,7460,10790,154.7,0,5.6,0
1996-02-01,8734,11045,155,0,5.5,0
1996-03-01,10066,11035,155.5,0,5.5,0
1996-04-01,10286,11056,156.1,0,5.6,0
1996-05-01,11082,11213,156.4,0,5.6,0
1996-06-01,10267,10980,156.7,0,5.3,0
1996-07-01,9915,10990,157,0,5.5,0
1996-08-01,11803,11077,157.2,0,5.1,0
1996-09-01,10327,11238,157.7,0,5.2,0
1996-10-01,10936,11206,158.2,0,5.2,0
1996-11-01,12514,11036,158.7,0,5.4,0
1996-12-01,19321,11081,159.1,0,5.4,0
1997-01-01,7959,11243,159.4,0,5.3,0
1997-02-01,8577,11164,159.7,0,5.2,0
1997-03-01,10551,11380,159.8,0,5.2,0
1997-04-01,9851,10715,159.9,0,5.1,0
1997-05-01,11182,11088,159.9,0,4.9,0
1997-06-01,10364,11310,160.2,0,5,0
1997-07-01,10442,11365,160.4,0,4.9,0
1997-08-01,12134,11527,160.8,0,4.8,0
1997-09-01,10649,11507,161.2,0,4.9,0
1997-10-01,11331,11628,161.5,0,4.7,0
1997-11-01,12894,11594,161.7,0,4.6,0
1997-12-01,20463,11789,161.8,0,4.7,0
1998-01-01,8556,11823,162,0,4.6,0
1998-02-01,9231,11884,162,0,4.6,0
1998-03-01,10572,11739,162,0,4.7,0
1998-04-01,11521,12136,162.2,0,4.3,0
1998-05-01,11914,11953,162.6,0,4.4,0
1998-06-01,11149,12069,162.8,0,4.5,0
1998-07-01,11334,12289,163.2,0,4.5,0
1998-08-01,12647,12160,163.4,0,4.5,0
1998-09-01,10922,11847,163.5,0,4.6,0
1998-10-01,12075,12242,163.9,0,4.5,0
1998-11-01,13504,12443,164.1,0,4.4,0
1998-12-01,21757,12375,164.4,0,4.4,0
1999-01-01,8993,12565,164.7,0,4.3,0
1999-02-01,9897,12613,164.7,0,4.4,0
1999-03-01,11781,12757,164.8,0,4.2,0
1999-04-01,12081,12765,165.9,0,4.3,0
1999-05-01,12833,13016,166,0,4.2,0
1999-06-01,11968,12960,166,0,4.3,0
1999-07-01,12150,12945,166.7,0,4.3,0
1999-08-01,13398,13029,167.1,0,4.2,0
1999-09-01,12053,13128,167.8,0,4.2,0
1999-10-01,12628,13054,168.1,0,4.1,0
1999-11-01,14282,13061,168.4,0,4.1,0
1999-12-01,23590,13303,168.8,0,4,0
2000-01-01,9206,12986,169.3,0,4,0
2000-02-01,10875,13152,170,0,4.1,0
2000-03-01,12535,13477,171,0,4,0
2000-04-01,12815,13428,170.9,0,3.8,0
2000-05-01,13393,13644,171.2,0,4,0
2000-06-01,12638,13557,172.2,0,4,0
2000-07-01,12199,13379,172.7,0,4,0
2000-08-01,14264,13690,172.7,0,4.1,0
2000-09-01,13046,14120,173.6,0,3.9,0
2000-10-01,13046,13807,173.9,0,3.9,0
2000-11-01,15299,13947,174.2,0,3.9,0
2000-12-01,24187,13750,174.6,0,3.9,0
2001-01-01,9803,13772,175.6,0,4.2,0
2001-02-01,11147,13840,176,0,4.2,0
2001-03-01,12749,13392,176.1,0,4.3,0
2001-04-01,13047,13920,176.4,0,4.4,0
2001-05-01,13443,13524,177.3,0,4.3,0
2001-06-01,12620,13476,177.7,0,4.5,0
2001-07-01,12291,13590,177.4,0,4.6,0
2001-08-01,14470,13913,177.4,0,4.9,0
2001-09-01,11815,12992,178.1,0,5,0
2001-10-01,12899,13593,177.6,0,5.3,0
2001-11-01,14977,13636,177.5,0,5.5,0
2001-12-01,23850,13795,177.4,0,5.7,0
2002-01-01,10071,13795,177.7,0,5.7,0
2002-02-01,11410,14003,178,0,5.7,0
2002-03-01,13632,14109,178.5,0,5.7,0
2002-04-01,12865,13925,179.3,0,5.9,0
2002-05-01,13785,13900,179.5,0,5.8,0
2002-06-01,12881,13951,179.6,0,5.8,0
2002-07-01,12557,13852,180,0,5.8,0
2002-08-01,14760,14026,180.5,0,5.7,0
2002-09-01,12138,13721,180.8,0,5.7,0
2002-10-01,13668,14164,181.2,0,5.7,0
2002-11-01,15524,14126,181.5,0,5.9,0
2002-12-01,24643,14282,181.8,0,6,0
2003-01-01,10523,14245,182.6,0,5.8,0
2003-02-01,11344,13788,183.6,0,5.9,0
2003-03-01,13125,14026,183.9,0,5.9,0
2003-04-01,13356,14066,183.2,0,6,0
2003-05-01,14360,14294,182.9,0,6.1,0
2003-06-01,13163,14548,183.1,0,6.3,0
2003-07-01,13519,14715,183.7,0,6.2,0
2003-08-01,15151,14737,184.5,0,6.1,0
2003-09-01,13236,14813,185.1,0,6.1,0
2003-10-01,14251,14729,184.9,0,6,0
2003-11-01,16155,14927,185,0,5.8,0
2003-12-01,26020,15051,185.5,0,5.7,0
2004-01-01,11489,15142,186.3,0,5.7,0
2004-02-01,12990,15284,186.7,0,5.6,0
2004-03-01,14410,15509,187.1,0,5.8,0
2004-04-01,14702,15294,187.4,0,5.6,0
2004-05-01,15002,15351,188.2,0,5.6,0
2004-06-01,13888,15110,188.9,0,5.6,0
2004-07-01,14314,15294,189.1,0,5.5,0
2004-08-01,15219,15233,189.2,0,5.4,0
2004-09-01,13884,15448,189.8,0,5.4,0
2004-10-01,15207,15638,190.8,0,5.5,0
2004-11-01,16823,15675,191.7,0,5.4,0
2004-12-01,27633,15832,191.7,0,5.4,0
2005-01-01,11740,15762,191.6,0,5.3,0
2005-02-01,13520,16279,192.4,0,5.4,0
2005-03-01,15358,15869,193.1,0,5.2,0
2005-04-01,15338,16248,193.7,0,5.2,0
2005-05-01,15597,16071,193.6,0,5.1,0
2005-06-01,15182,16424,193.7,0,5,0
2005-07-01,14865,16072,194.9,0,5,0
2005-08-01,16311,16346,196.1,0,4.9,0
2005-09-01,14606,16042,198.8,0,5,0
2005-10-01,16126,16744,199.1,0,5,0
2005-11-01,17972,16700,198.1,0,5,0
2005-12-01,29465,16799,198.1,0,4.9,0
2006-01-01,12582,16902,199.3,0,4.7,0
2006-02-01,14111,16984,199.4,0,4.8,0
2006-03-01,16011,16947,199.7,0,4.7,0
2006-04-01,16475,17196,200.7,0,4.7,0
2006-05-01,16703,17069,201.3,0,4.6,0
2006-06-01,16126,17284,201.8,0,4.6,0
2006-07-01,15909,17320,202.9,0,4.7,0
2006-08-01,17432,17178,203.8,0,4.7,0
2006-09-01,16389,17858,202.8,0,4.5,0
2006-10-01,16873,17676,201.9,0,4.4,0
2006-11-01,18949,17505,202,0,4.5,0
2006-12-01,30652,18077,203.1,0,4.4,0
2007-01-01,13581,18053,203.437,0,4.6,0
2007-02-01,14682,17697,204.226,0,4.5,0
2007-03-01,17623,18174,205.288,0,4.4,0
2007-04-01,16692,17789,205.904,0,4.5,0
2007-05-01,18020,18037,206.755,0,4.4,0
2007-06-01,16864,17970,207.234,0,4.6,0
2007-07-01,16459,17980,207.603,0,4.7,0
2007-08-01,18405,18059,207.667,0,4.6,0
2007-09-01,16346,17964,208.547,0,4.7,0
2007-10-01,17179,17964,209.19,0,4.7,0
2007-11-01,20035,18256,210.834,0,4.7,0
2007-12-01,29761,18120,211.445,0,5,0
2008-01-01,13812,18065,212.174,0,5,0
2008-02-01,15468,17834,212.687,0,4.9,0
2008-03-01,17341,17937,213.448,0,5.1,0
2008-04-01,16696,17865,213.942,0,5,0
2008-05-01,18616,18200,215.208,0,5.4,0
2008-06-01,16595,18278,217.463,0,5.6,0
2008-07-01,16964,18129,219.016,0,5.8,0
2008-08-01,18612,18121,218.69,0,6.1,0
2008-09-01,15502,17119,218.877,0,6.1,0
2008-10-01,16397,16929,216.995,0,6.5,0
2008-11-01,18319,16765,213.153,0,6.8,0
2008-12-01,26035,16427,211.398,0,7.3,0
2009-01-01,13060,16774,211.933,0,7.8,0
2009-02-01,14320,16996,212.705,0,8.3,0
2009-03-01,15195,16043,212.495,0,8.7,0
2009-04-01,15953,16527,212.709,0,9,0
2009-05-01,16832,16632,213.022,0,9.4,0
2009-06-01,15057,16382,214.79,0,9.5,0
2009-07-01,15627,16617,214.726,0,9.5,0
2009-08-01,17253,16863,215.445,0,9.6,0
2009-09-01,15243,16729,215.861,0,9.8,0
2009-10-01,16642,16899,216.509,0,10,0
2009-11-01,17881,16662,217.234,0,9.9,0
2009-12-01,26378,16615,217.347,0,9.9,0
2010-01-01,12866,16917,217.488,0,9.8,0
2010-02-01,14432,16956,217.281,0,9.8,0
2010-03-01,16972,17446,217.353,0,9.9,0
2010-04-01,16632,17286,217.403,0,9.9,0
2010-05-01,17284,17229,217.29,0,9.6,0
2010-06-01,15740,17070,217.199,0,9.4,0
2010-07-01,16444,17154,217.605,0,9.4,0
2010-08-01,17522,17218,217.923,0,9.5,0
2010-09-01,15853,17289,218.275,0,9.5,0
2010-10-01,17008,17599,219.035,0,9.4,0
2010-11-01,19537,17987,219.59,0,9.8,0
2010-12-01,27815,17760,220.472,0,9.3,0
2011-01-01,13358,17928,221.187,0,9.1,0
2011-02-01,15538,18147,221.898,0,9,0
2011-03-01,17821,18203,223.046,0,9,0
2011-04-01,18209,18533,224.093,0,9.1,0
2011-05-01,18309,18372,224.806,0,9,0
2011-06-01,17355,18735,224.806,0,9.1,0
2011-07-01,17521,18564,225.395,0,9,0
2011-08-01,18828,18448,226.106,0,9,0
2011-09-01,17575,19039,226.597,0,9,0
2011-10-01,17833,18697,226.75,0,8.8,0
2011-11-01,20478,18832,227.169,0,8.6,0
2011-12-01,30334,19041,227.223,0,8.5,0
2012-01-01,13998,19119,227.842,0,8.3,0
2012-02-01,17496,19817,228.329,0,8.3,0
2012-03-01,19709,19593,228.807,0,8.2,0
2012-04-01,18175,19109,229.187,0,8.2,0
2012-05-01,19476,19160,228.713,0,8.2,0
2012-06-01,18272,19432,228.524,0,8.2,0
2012-07-01,17852,19238,228.59,0,8.2,0
2012-08-01,20290,19493,229.918,0,8.1,0
2012-09-01,17954,19636,231.015,0,7.8,0
2012-10-01,18395,19427,231.638,0,7.8,0
2012-11-01,21502,19498,231.249,0,7.7,0
2012-12-01,30692,19707,231.221,0,7.9,0
2013-01-01,14800,19971,231.679,0,8,0
2013-02-01,16971,19843,232.937,0,7.7,0
2013-03-01,20125,19878,232.282,0,7.5,0
2013-04-01,18758,19979,231.797,0,7.6,0
2013-05-01,20319,19932,231.893,0,7.5,0
2013-06-01,18519,19890,232.445,0,7.5,0
2013-07-01,18764,20084,232.9,0,7.3,0
2013-08-01,21102,19857,233.456,0,7.2,0
2013-09-01,17713,19833,233.544,0,7.2,0
2013-10-01,19427,20250,233.669,0,7.2,0
2013-11-01,21950,19813,234.1,0,6.9,0
2013-12-01,30821,20016,234.719,0,6.7,0
2014-01-01,14828,20093,235.288,0,6.6,0
2014-02-01,17106,20044,235.547,0,6.7,0
2014-03-01,19639,20152,236.028,0,6.7,0
2014-04-01,19889,20650,236.468,0,6.2,0
2014-05-01,21094,20270,236.918,0,6.3,0
2014-06-01,18536,20308,237.231,0,6.1,0
2014-07-01,19413,20380,237.498,0,6.2,0
2014-08-01,21528,20544,237.46,0,6.1,0
2014-09-01,18243,20279,237.477,0,5.9,0
2014-10-01,19790,20629,237.43,0,5.7,0
2014-11-01,22985,20827,236.983,0,5.8,0
2014-12-01,31870,20722,236.252,0,5.6,0
2015-01-01,15417,20607,234.747,0,5.7,0
2015-02-01,17593,20769,235.342,0,5.5,0
2015-03-01,20293,20812,235.976,0,5.4,0
2015-04-01,19952,20917,236.222,0,5.4,0
2015-05-01,21665,21080,237.001,0,5.6,0
2015-06-01,19252,20809,237.657,0,5.3,0
2015-07-01,20158,21033,238.034,0,5.2,0
2015-08-01,21884,21077,238.033,0,5.1,0
2015-09-01,18769,20877,237.498,0,5,0
2015-10-01,20263,20749,237.733,0,5,0
2015-11-01,22575,20779,238.017,0,5.1,0
2015-12-01,32614,20918,237.761,0,5,0
2016-01-01,15322,20830,237.652,0,4.8,0
2016-02-01,18486,21387,237.336,0,4.9,0
2016-03-01,20997,20918,238.08,0,5,0
2016-04-01,19951,20855,238.992,0,5.1,0
2016-05-01,21165,20965,239.557,0,4.8,0
2016-06-01,19723,21099,240.222,0,4.9,0
2016-07-01,20233,20903,240.101,0,4.8,0
2016-08-01,21918,21215,240.545,0,4.9,0
2016-09-01,19391,21347,241.176,0,5,0
2016-10-01,20105,21165,241.741,0,4.9,0
2016-11-01,23176,20927,242.026,0,4.7,0
2016-12-01,33817,21374,242.637,0,4.7,0
2017-01-01,15473,21488,243.618,0,4.7,0
2017-02-01,17538,21101,244.006,0,4.6,0
2017-03-01,20800,21246,243.892,0,4.4,0
2017-04-01,20625,21292,244.193,0,4.4,0
2017-05-01,21384,21057,244.004,0,4.4,0
2017-06-01,20092,21201,244.163,0,4.3,0
2017-07-01,20273,21073,244.243,0,4.3,0
2017-08-01,22200,21186,245.183,0,4.4,0
2017-09-01,19381,21294,246.435,0,4.3,0
2017-10-01,19926,21197,246.626,0,4.2,0
2017-11-01,23911,21447,247.284,0,4.2,0
2017-12-01,32958,21213,247.805,0,4.1,0
2018-01-01,15316,21245,248.859,0,4,0
2018-02-01,17879,21771,249.529,0,4.1,0
2018-03-01,21580,21144,249.577,0,4,0
2018-04-01,19853,21458,250.227,0,4,0
2018-05-01,22952,22172,250.792,0,3.8,0
2018-06-01,20703,21628,251.018,0,4,0
2018-07-01,21067,21947,251.214,0,3.8,0
2018-08-01,22457,21516,251.663,0,3.8,0
2018-09-01,19227,21405,252.182,0,3.7,0
2018-10-01,20599,21841,252.772,0,3.8,0
2018-11-01,24658,21895,252.594,0,3.8,0
2018-12-01,33074,21565,252.767,0,3.9,0
2019-01-01,15709,21463,252.561,0,4,0
2019-02-01,17456,21504,253.319,0,3.8,0
2019-03-01,21468,21833,254.277,0,3.8,0
2019-04-01,20864,21771,255.233,0,3.7,0
2019-05-01,22443,21580,255.296,0,3.6,0
2019-06-01,20537,21582,255.213,0,3.6,0
2019-07-01,21128,21862,255.802,0,3.7,0
2019-08-01,23201,21882,256.036,0,3.6,0
2019-09-01,19018,21645,256.43,0,3.5,0
2019-10-01,20828,21693,257.155,0,3.6,0
2019-11-01,24454,21674,257.879,0,3.6,0
2019-12-01,34163,22475,258.63,0,3.6,0
2020-01-01,16314,22198,259.127,0,3.6,0
2020-02-01,18587,22039,259.25,0,3.5,0
2020-03-01,10614,11074,258.076,0,4.4,0
2020-04-01,2631,2733,256.032,0,14.8,0
2020-05-01,8403,8051,255.802,0,13.2,0
2020-06-01,15756,16725,257.042,0,11,0
2020-07-01,17056,17379,258.352,0,10.2,0
2020-08-01,18045,17692,259.316,0,8.4,0
2020-09-01,17845,20047,259.997,0,7.8,0
2020-10-01,19047,19565,260.319,0,6.9,0
2020-11-01,20197,18596,260.911,0,6.7,0
2020-12-01,30425,19382,262.045,0,6.7,0
2021-01-01,14864,20099,262.687,0,6.4,0
2021-02-01,15471,19154,263.579,0,6.2,0
2021-03-01,22898,23506,264.961,0,6.1,0
2021-04-01,22386,23453,266.614,0,6.1,0
2021-05-01,24962,24044,268.383,0,5.8,0
2021-06-01,23705,24979,270.654,0,5.9,0
2021-07-01,24315,24315,271.903,0,5.4,0
2021-08-01,24108,23905,272.676,0,5.1,0
2021-09-01,21703,24228,273.91,0,4.7,0
2021-10-01,23350,24412,276.55,0,4.5,0
2021-11-01,27451,25012,278.919,0,4.1,0
2021-12-01,37490,23938,280.845,0,3.9,0
2022-01-01,17137,23163,282.543,0,4,0
2022-02-01,19345,23910,284.5,0,3.9,0
2022-03-01,24310,25056,287.674,0,3.7,0
2022-04-01,24428,25103,288.561,0,3.7,0
2022-05-01,25313,24530,291.298,0,3.6,0
2022-06-01,23552,24674,294.957,0,3.6,0
2022-07-01,23733,24136,294.913,0,3.5,0
2022-08-01,24772,24499,295.097,0,3.6,0
2022-09-01,22359,24693,296.349,0,3.5,0
2022-10-01,23409,24713,298.007,0,3.6,0
2022-11-01,27000,24512,298.786,0,3.6,0
2022-12-01,37932,24019,298.832,0,3.5,0
2023-01-01,18427,24950,300.42,0,3.5,0
2023-02-01,19902,24660,301.45,0,3.6,0
2023-03-01,23641,24410,301.821,0,3.5,0
2023-04-01,23422,24368,302.845,0,3.4,0
2023-05-01,25160,24290,303.334,0,3.6,0
2023-06-01,23528,24402,304.014,0,3.6,0
2023-07-01,24075,24718,304.609,0,3.5,0
2023-08-01,25772,25104,306.082,0,3.7,0
2023-09-01,22573,24811,307.276,0,3.7,0
2023-10-01,23143,24683,307.696,0,3.9,0
2023-11-01,27490,24838,308.148,0,3.7,0
2023-12-01,39318,25141,308.741,0,3.8,0
2024-01-01,18472,24838,309.698,0,3.7,0
2024-02-01,21169,25122,310.967,0,3.9,0
2024-03-01,24109,24241,312.345,0,3.9,0
2024-04-01,23150,24923,313.023,0,3.9,0
2024-05-01,26511,25212,313.175,0,3.9,0
2024-06-01,24285,25247,313.044,0,4.1,0
2024-07-01,24575,25279,313.569,0,4.2,0
2024-08-01,26262,24957,314.062,0,4.2,0
2024-09-01,22259,25330,314.732,0,4.1,0
2024-10-01,24359,25520,315.631,0,4.1,0
2024-11-01,28716,25483,316.528,0,4.2,0
2024-12-01,39876,25890,317.604,0,4.1,0
2025-01-01,19461,25942,318.961,0,4,0
2025-02-01,20653,25599,319.679,0,4.2,0
2025-03-01,24941,26029,319.785,0,4.2,0
2025-04-01,24739,26209,320.302,0,4.2,0
2025-05-01,27920,26307,320.62,0,4.3,0
2025-06-01,24976,26647,321.435,0,4.1,0
2025-07-01,26670,26962,322.169,0,4.3,0
2025-08-01,28215,27195,323.291,0,4.3,0
2025-09-01,23868,26921,324.245,0,4.4,0
2025-10-01,26124,27298,649.308,1,8.9,1
2025-11-01,30762,27393,325.063,0,4.5,0
2025-12-01,41920,27176,326.031,0,4.4,0
2026-01-01,20522,27080,326.588,0,4.3,0
2026-02-01,22418,27797,327.46,0,4.4,0
2026-03-01,26690,27854,330.293,0,4.3,0
2026-04-01,25869,27706,332.407,0,4.3,0
2026-05-01,29282,27986,333.979,0,4.3,0
2026-06-01,26295,27792,332.568,0,4.2,0
2026-07-01,27951,28163,332.813,0,4.1,0
2026-08-01,NULL,NULL,334.131,0,4.1,0
2026-09-01,NULL,NULL,NULL,0,4.2,0
