observation_date,apparel_sales_nsa,sales_prior_year,yoy_growth_percentage
1993-01-01,7297.0,6734.0,8.36
1993-02-01,7306.0,7302.0,0.05
1993-03-01,8531.0,8245.0,3.47
1993-04-01,9610.0,9152.0,5.0
1993-05-01,9787.0,9294.0,5.3
1993-06-01,9364.0,8930.0,4.86
1993-07-01,9511.0,8846.0,7.52
1993-08-01,10331.0,10226.0,1.03
1993-09-01,9735.0,9311.0,4.55
1993-10-01,10060.0,9974.0,0.86
1993-11-01,11430.0,10876.0,5.09
1993-12-01,18272.0,17834.0,2.46
1994-01-01,7077.0,7297.0,-3.01
1994-02-01,7676.0,7306.0,5.06
1994-03-01,9661.0,8531.0,13.25
1994-04-01,9607.0,9610.0,-0.03
1994-05-01,9736.0,9787.0,-0.52
1994-06-01,9629.0,9364.0,2.83
1994-07-01,9467.0,9511.0,-0.46
1994-08-01,10846.0,10331.0,4.98
1994-09-01,9936.0,9735.0,2.06
1994-10-01,10434.0,10060.0,3.72
1994-11-01,12003.0,11430.0,5.01
1994-12-01,19396.0,18272.0,6.15
1995-01-01,7306.0,7077.0,3.24
1995-02-01,7731.0,7676.0,0.72
1995-03-01,9552.0,9661.0,-1.13
1995-04-01,9902.0,9607.0,3.07
1995-05-01,10323.0,9736.0,6.03
1995-06-01,10024.0,9629.0,4.1
1995-07-01,9514.0,9467.0,0.5
1995-08-01,10961.0,10846.0,1.06
1995-09-01,10417.0,9936.0,4.84
1995-10-01,10151.0,10434.0,-2.71
1995-11-01,12401.0,12003.0,3.32
1995-12-01,19390.0,19396.0,-0.03
1996-01-01,7460.0,7306.0,2.11
1996-02-01,8734.0,7731.0,12.97
1996-03-01,10066.0,9552.0,5.38
1996-04-01,10286.0,9902.0,3.88
1996-05-01,11082.0,10323.0,7.35
1996-06-01,10267.0,10024.0,2.42
1996-07-01,9915.0,9514.0,4.21
1996-08-01,11803.0,10961.0,7.68
1996-09-01,10327.0,10417.0,-0.86
1996-10-01,10936.0,10151.0,7.73
1996-11-01,12514.0,12401.0,0.91
1996-12-01,19321.0,19390.0,-0.36
1997-01-01,7959.0,7460.0,6.69
1997-02-01,8577.0,8734.0,-1.8
1997-03-01,10551.0,10066.0,4.82
1997-04-01,9851.0,10286.0,-4.23
1997-05-01,11182.0,11082.0,0.9
1997-06-01,10364.0,10267.0,0.94
1997-07-01,10442.0,9915.0,5.32
1997-08-01,12134.0,11803.0,2.8
1997-09-01,10649.0,10327.0,3.12
1997-10-01,11331.0,10936.0,3.61
1997-11-01,12894.0,12514.0,3.04
1997-12-01,20463.0,19321.0,5.91
1998-01-01,8556.0,7959.0,7.5
1998-02-01,9231.0,8577.0,7.63
1998-03-01,10572.0,10551.0,0.2
1998-04-01,11521.0,9851.0,16.95
1998-05-01,11914.0,11182.0,6.55
1998-06-01,11149.0,10364.0,7.57
1998-07-01,11334.0,10442.0,8.54
1998-08-01,12647.0,12134.0,4.23
1998-09-01,10922.0,10649.0,2.56
1998-10-01,12075.0,11331.0,6.57
1998-11-01,13504.0,12894.0,4.73
1998-12-01,21757.0,20463.0,6.32
1999-01-01,8993.0,8556.0,5.11
1999-02-01,9897.0,9231.0,7.21
1999-03-01,11781.0,10572.0,11.44
1999-04-01,12081.0,11521.0,4.86
1999-05-01,12833.0,11914.0,7.71
1999-06-01,11968.0,11149.0,7.35
1999-07-01,12150.0,11334.0,7.2
1999-08-01,13398.0,12647.0,5.94
1999-09-01,12053.0,10922.0,10.36
1999-10-01,12628.0,12075.0,4.58
1999-11-01,14282.0,13504.0,5.76
1999-12-01,23590.0,21757.0,8.42
2000-01-01,9206.0,8993.0,2.37
2000-02-01,10875.0,9897.0,9.88
2000-03-01,12535.0,11781.0,6.4
2000-04-01,12815.0,12081.0,6.08
2000-05-01,13393.0,12833.0,4.36
2000-06-01,12638.0,11968.0,5.6
2000-07-01,12199.0,12150.0,0.4
2000-08-01,14264.0,13398.0,6.46
2000-09-01,13046.0,12053.0,8.24
2000-10-01,13046.0,12628.0,3.31
2000-11-01,15299.0,14282.0,7.12
2000-12-01,24187.0,23590.0,2.53
2001-01-01,9803.0,9206.0,6.48
2001-02-01,11147.0,10875.0,2.5
2001-03-01,12749.0,12535.0,1.71
2001-04-01,13047.0,12815.0,1.81
2001-05-01,13443.0,13393.0,0.37
2001-06-01,12620.0,12638.0,-0.14
2001-07-01,12291.0,12199.0,0.75
2001-08-01,14470.0,14264.0,1.44
2001-09-01,11815.0,13046.0,-9.44
2001-10-01,12899.0,13046.0,-1.13
2001-11-01,14977.0,15299.0,-2.1
2001-12-01,23850.0,24187.0,-1.39
2002-01-01,10071.0,9803.0,2.73
2002-02-01,11410.0,11147.0,2.36
2002-03-01,13632.0,12749.0,6.93
2002-04-01,12865.0,13047.0,-1.39
2002-05-01,13785.0,13443.0,2.54
2002-06-01,12881.0,12620.0,2.07
2002-07-01,12557.0,12291.0,2.16
2002-08-01,14760.0,14470.0,2.0
2002-09-01,12138.0,11815.0,2.73
2002-10-01,13668.0,12899.0,5.96
2002-11-01,15524.0,14977.0,3.65
2002-12-01,24643.0,23850.0,3.32
2003-01-01,10523.0,10071.0,4.49
2003-02-01,11344.0,11410.0,-0.58
2003-03-01,13125.0,13632.0,-3.72
2003-04-01,13356.0,12865.0,3.82
2003-05-01,14360.0,13785.0,4.17
2003-06-01,13163.0,12881.0,2.19
2003-07-01,13519.0,12557.0,7.66
2003-08-01,15151.0,14760.0,2.65
2003-09-01,13236.0,12138.0,9.05
2003-10-01,14251.0,13668.0,4.27
2003-11-01,16155.0,15524.0,4.06
2003-12-01,26020.0,24643.0,5.59
2004-01-01,11489.0,10523.0,9.18
2004-02-01,12990.0,11344.0,14.51
2004-03-01,14410.0,13125.0,9.79
2004-04-01,14702.0,13356.0,10.08
2004-05-01,15002.0,14360.0,4.47
2004-06-01,13888.0,13163.0,5.51
2004-07-01,14314.0,13519.0,5.88
2004-08-01,15219.0,15151.0,0.45
2004-09-01,13884.0,13236.0,4.9
2004-10-01,15207.0,14251.0,6.71
2004-11-01,16823.0,16155.0,4.13
2004-12-01,27633.0,26020.0,6.2
2005-01-01,11740.0,11489.0,2.18
2005-02-01,13520.0,12990.0,4.08
2005-03-01,15358.0,14410.0,6.58
2005-04-01,15338.0,14702.0,4.33
2005-05-01,15597.0,15002.0,3.97
2005-06-01,15182.0,13888.0,9.32
2005-07-01,14865.0,14314.0,3.85
2005-08-01,16311.0,15219.0,7.18
2005-09-01,14606.0,13884.0,5.2
2005-10-01,16126.0,15207.0,6.04
2005-11-01,17972.0,16823.0,6.83
2005-12-01,29465.0,27633.0,6.63
2006-01-01,12582.0,11740.0,7.17
2006-02-01,14111.0,13520.0,4.37
2006-03-01,16011.0,15358.0,4.25
2006-04-01,16475.0,15338.0,7.41
2006-05-01,16703.0,15597.0,7.09
2006-06-01,16126.0,15182.0,6.22
2006-07-01,15909.0,14865.0,7.02
2006-08-01,17432.0,16311.0,6.87
2006-09-01,16389.0,14606.0,12.21
2006-10-01,16873.0,16126.0,4.63
2006-11-01,18949.0,17972.0,5.44
2006-12-01,30652.0,29465.0,4.03
2007-01-01,13581.0,12582.0,7.94
2007-02-01,14682.0,14111.0,4.05
2007-03-01,17623.0,16011.0,10.07
2007-04-01,16692.0,16475.0,1.32
2007-05-01,18020.0,16703.0,7.88
2007-06-01,16864.0,16126.0,4.58
2007-07-01,16459.0,15909.0,3.46
2007-08-01,18405.0,17432.0,5.58
2007-09-01,16346.0,16389.0,-0.26
2007-10-01,17179.0,16873.0,1.81
2007-11-01,20035.0,18949.0,5.73
2007-12-01,29761.0,30652.0,-2.91
2008-01-01,13812.0,13581.0,1.7
2008-02-01,15468.0,14682.0,5.35
2008-03-01,17341.0,17623.0,-1.6
2008-04-01,16696.0,16692.0,0.02
2008-05-01,18616.0,18020.0,3.31
2008-06-01,16595.0,16864.0,-1.6
2008-07-01,16964.0,16459.0,3.07
2008-08-01,18612.0,18405.0,1.12
2008-09-01,15502.0,16346.0,-5.16
2008-10-01,16397.0,17179.0,-4.55
2008-11-01,18319.0,20035.0,-8.57
2008-12-01,26035.0,29761.0,-12.52
2009-01-01,13060.0,13812.0,-5.44
2009-02-01,14320.0,15468.0,-7.42
2009-03-01,15195.0,17341.0,-12.38
2009-04-01,15953.0,16696.0,-4.45
2009-05-01,16832.0,18616.0,-9.58
2009-06-01,15057.0,16595.0,-9.27
2009-07-01,15627.0,16964.0,-7.88
2009-08-01,17253.0,18612.0,-7.3
2009-09-01,15243.0,15502.0,-1.67
2009-10-01,16642.0,16397.0,1.49
2009-11-01,17881.0,18319.0,-2.39
2009-12-01,26378.0,26035.0,1.32
2010-01-01,12866.0,13060.0,-1.49
2010-02-01,14432.0,14320.0,0.78
2010-03-01,16972.0,15195.0,11.69
2010-04-01,16632.0,15953.0,4.26
2010-05-01,17284.0,16832.0,2.69
2010-06-01,15740.0,15057.0,4.54
2010-07-01,16444.0,15627.0,5.23
2010-08-01,17522.0,17253.0,1.56
2010-09-01,15853.0,15243.0,4.0
2010-10-01,17008.0,16642.0,2.2
2010-11-01,19537.0,17881.0,9.26
2010-12-01,27815.0,26378.0,5.45
2011-01-01,13358.0,12866.0,3.82
2011-02-01,15538.0,14432.0,7.66
2011-03-01,17821.0,16972.0,5.0
2011-04-01,18209.0,16632.0,9.48
2011-05-01,18309.0,17284.0,5.93
2011-06-01,17355.0,15740.0,10.26
2011-07-01,17521.0,16444.0,6.55
2011-08-01,18828.0,17522.0,7.45
2011-09-01,17575.0,15853.0,10.86
2011-10-01,17833.0,17008.0,4.85
2011-11-01,20478.0,19537.0,4.82
2011-12-01,30334.0,27815.0,9.06
2012-01-01,13998.0,13358.0,4.79
2012-02-01,17496.0,15538.0,12.6
2012-03-01,19709.0,17821.0,10.59
2012-04-01,18175.0,18209.0,-0.19
2012-05-01,19476.0,18309.0,6.37
2012-06-01,18272.0,17355.0,5.28
2012-07-01,17852.0,17521.0,1.89
2012-08-01,20290.0,18828.0,7.77
2012-09-01,17954.0,17575.0,2.16
2012-10-01,18395.0,17833.0,3.15
2012-11-01,21502.0,20478.0,5.0
2012-12-01,30692.0,30334.0,1.18
2013-01-01,14800.0,13998.0,5.73
2013-02-01,16971.0,17496.0,-3.0
2013-03-01,20125.0,19709.0,2.11
2013-04-01,18758.0,18175.0,3.21
2013-05-01,20319.0,19476.0,4.33
2013-06-01,18519.0,18272.0,1.35
2013-07-01,18764.0,17852.0,5.11
2013-08-01,21102.0,20290.0,4.0
2013-09-01,17713.0,17954.0,-1.34
2013-10-01,19427.0,18395.0,5.61
2013-11-01,21950.0,21502.0,2.08
2013-12-01,30821.0,30692.0,0.42
2014-01-01,14828.0,14800.0,0.19
2014-02-01,17106.0,16971.0,0.8
2014-03-01,19639.0,20125.0,-2.41
2014-04-01,19889.0,18758.0,6.03
2014-05-01,21094.0,20319.0,3.81
2014-06-01,18536.0,18519.0,0.09
2014-07-01,19413.0,18764.0,3.46
2014-08-01,21528.0,21102.0,2.02
2014-09-01,18243.0,17713.0,2.99
2014-10-01,19790.0,19427.0,1.87
2014-11-01,22985.0,21950.0,4.72
2014-12-01,31870.0,30821.0,3.4
2015-01-01,15417.0,14828.0,3.97
2015-02-01,17593.0,17106.0,2.85
2015-03-01,20293.0,19639.0,3.33
2015-04-01,19952.0,19889.0,0.32
2015-05-01,21665.0,21094.0,2.71
2015-06-01,19252.0,18536.0,3.86
2015-07-01,20158.0,19413.0,3.84
2015-08-01,21884.0,21528.0,1.65
2015-09-01,18769.0,18243.0,2.88
2015-10-01,20263.0,19790.0,2.39
2015-11-01,22575.0,22985.0,-1.78
2015-12-01,32614.0,31870.0,2.33
2016-01-01,15322.0,15417.0,-0.62
2016-02-01,18486.0,17593.0,5.08
2016-03-01,20997.0,20293.0,3.47
2016-04-01,19951.0,19952.0,-0.01
2016-05-01,21165.0,21665.0,-2.31
2016-06-01,19723.0,19252.0,2.45
2016-07-01,20233.0,20158.0,0.37
2016-08-01,21918.0,21884.0,0.16
2016-09-01,19391.0,18769.0,3.31
2016-10-01,20105.0,20263.0,-0.78
2016-11-01,23176.0,22575.0,2.66
2016-12-01,33817.0,32614.0,3.69
2017-01-01,15473.0,15322.0,0.99
2017-02-01,17538.0,18486.0,-5.13
2017-03-01,20800.0,20997.0,-0.94
2017-04-01,20625.0,19951.0,3.38
2017-05-01,21384.0,21165.0,1.03
2017-06-01,20092.0,19723.0,1.87
2017-07-01,20273.0,20233.0,0.2
2017-08-01,22200.0,21918.0,1.29
2017-09-01,19381.0,19391.0,-0.05
2017-10-01,19926.0,20105.0,-0.89
2017-11-01,23911.0,23176.0,3.17
2017-12-01,32958.0,33817.0,-2.54
2018-01-01,15316.0,15473.0,-1.01
2018-02-01,17879.0,17538.0,1.94
2018-03-01,21580.0,20800.0,3.75
2018-04-01,19853.0,20625.0,-3.74
2018-05-01,22952.0,21384.0,7.33
2018-06-01,20703.0,20092.0,3.04
2018-07-01,21067.0,20273.0,3.92
2018-08-01,22457.0,22200.0,1.16
2018-09-01,19227.0,19381.0,-0.79
2018-10-01,20599.0,19926.0,3.38
2018-11-01,24658.0,23911.0,3.12
2018-12-01,33074.0,32958.0,0.35
2019-01-01,15709.0,15316.0,2.57
2019-02-01,17456.0,17879.0,-2.37
2019-03-01,21468.0,21580.0,-0.52
2019-04-01,20864.0,19853.0,5.09
2019-05-01,22443.0,22952.0,-2.22
2019-06-01,20537.0,20703.0,-0.8
2019-07-01,21128.0,21067.0,0.29
2019-08-01,23201.0,22457.0,3.31
2019-09-01,19018.0,19227.0,-1.09
2019-10-01,20828.0,20599.0,1.11
2019-11-01,24454.0,24658.0,-0.83
2019-12-01,34163.0,33074.0,3.29
2020-01-01,16314.0,15709.0,3.85
2020-02-01,18587.0,17456.0,6.48
2020-03-01,10614.0,21468.0,-50.56
2020-04-01,2631.0,20864.0,-87.39
2020-05-01,8403.0,22443.0,-62.56
2020-06-01,15756.0,20537.0,-23.28
2020-07-01,17056.0,21128.0,-19.27
2020-08-01,18045.0,23201.0,-22.22
2020-09-01,17845.0,19018.0,-6.17
2020-10-01,19047.0,20828.0,-8.55
2020-11-01,20197.0,24454.0,-17.41
2020-12-01,30425.0,34163.0,-10.94
2021-01-01,14864.0,16314.0,-8.89
2021-02-01,15471.0,18587.0,-16.76
2021-03-01,22898.0,10614.0,115.73
2021-04-01,22386.0,2631.0,750.86
2021-05-01,24962.0,8403.0,197.06
2021-06-01,23705.0,15756.0,50.45
2021-07-01,24315.0,17056.0,42.56
2021-08-01,24108.0,18045.0,33.6
2021-09-01,21703.0,17845.0,21.62
2021-10-01,23350.0,19047.0,22.59
2021-11-01,27451.0,20197.0,35.92
2021-12-01,37490.0,30425.0,23.22
2022-01-01,17137.0,14864.0,15.29
2022-02-01,19345.0,15471.0,25.04
2022-03-01,24310.0,22898.0,6.17
2022-04-01,24428.0,22386.0,9.12
2022-05-01,25313.0,24962.0,1.41
2022-06-01,23552.0,23705.0,-0.65
2022-07-01,23733.0,24315.0,-2.39
2022-08-01,24772.0,24108.0,2.75
2022-09-01,22359.0,21703.0,3.02
2022-10-01,23409.0,23350.0,0.25
2022-11-01,27000.0,27451.0,-1.64
2022-12-01,37932.0,37490.0,1.18
2023-01-01,18427.0,17137.0,7.53
2023-02-01,19902.0,19345.0,2.88
2023-03-01,23641.0,24310.0,-2.75
2023-04-01,23422.0,24428.0,-4.12
2023-05-01,25160.0,25313.0,-0.6
2023-06-01,23528.0,23552.0,-0.1
2023-07-01,24075.0,23733.0,1.44
2023-08-01,25772.0,24772.0,4.04
2023-09-01,22573.0,22359.0,0.96
2023-10-01,23143.0,23409.0,-1.14
2023-11-01,27490.0,27000.0,1.81
2023-12-01,39318.0,37932.0,3.65
2024-01-01,18472.0,18427.0,0.24
2024-02-01,21169.0,19902.0,6.37
2024-03-01,24109.0,23641.0,1.98
2024-04-01,23150.0,23422.0,-1.16
2024-05-01,26511.0,25160.0,5.37
2024-06-01,24285.0,23528.0,3.22
2024-07-01,24575.0,24075.0,2.08
2024-08-01,26262.0,25772.0,1.9
2024-09-01,22259.0,22573.0,-1.39
2024-10-01,24359.0,23143.0,5.25
2024-11-01,28716.0,27490.0,4.46
2024-12-01,39876.0,39318.0,1.42
2025-01-01,19461.0,18472.0,5.35
2025-02-01,20653.0,21169.0,-2.44
2025-03-01,24941.0,24109.0,3.45
2025-04-01,24739.0,23150.0,6.86
2025-05-01,27920.0,26511.0,5.31
2025-06-01,24976.0,24285.0,2.85
2025-07-01,26670.0,24575.0,8.52
2025-08-01,28215.0,26262.0,7.44
2025-09-01,23868.0,22259.0,7.23
2025-10-01,26124.0,24359.0,7.25
2025-11-01,30762.0,28716.0,7.12
2025-12-01,41920.0,39876.0,5.13
2026-01-01,20522.0,19461.0,5.45
2026-02-01,22418.0,20653.0,8.55
2026-03-01,26690.0,24941.0,7.01
2026-04-01,25869.0,24739.0,4.57
2026-05-01,29282.0,27920.0,4.88
2026-06-01,26295.0,24976.0,5.28
2026-07-01,27951.0,26670.0,4.8
