observation_date,apparel_sales_nsa,rolling_yearly_avg_sales
1993-01-01,7297.0,9773.92
1993-02-01,7306.0,9774.25
1993-03-01,8531.0,9798.08
1993-04-01,9610.0,9836.25
1993-05-01,9787.0,9877.33
1993-06-01,9364.0,9913.5
1993-07-01,9511.0,9968.92
1993-08-01,10331.0,9977.67
1993-09-01,9735.0,10013.0
1993-10-01,10060.0,10020.17
1993-11-01,11430.0,10066.33
1993-12-01,18272.0,10102.83
1994-01-01,7077.0,10084.5
1994-02-01,7676.0,10115.33
1994-03-01,9661.0,10209.5
1994-04-01,9607.0,10209.25
1994-05-01,9736.0,10205.0
1994-06-01,9629.0,10227.08
1994-07-01,9467.0,10223.42
1994-08-01,10846.0,10266.33
1994-09-01,9936.0,10283.08
1994-10-01,10434.0,10314.25
1994-11-01,12003.0,10362.0
1994-12-01,19396.0,10455.67
1995-01-01,7306.0,10474.75
1995-02-01,7731.0,10479.33
1995-03-01,9552.0,10470.25
1995-04-01,9902.0,10494.83
1995-05-01,10323.0,10543.75
1995-06-01,10024.0,10576.67
1995-07-01,9514.0,10580.58
1995-08-01,10961.0,10590.17
1995-09-01,10417.0,10630.25
1995-10-01,10151.0,10606.67
1995-11-01,12401.0,10639.83
1995-12-01,19390.0,10639.33
1996-01-01,7460.0,10652.17
1996-02-01,8734.0,10735.75
1996-03-01,10066.0,10778.58
1996-04-01,10286.0,10810.58
1996-05-01,11082.0,10873.83
1996-06-01,10267.0,10894.08
1996-07-01,9915.0,10927.5
1996-08-01,11803.0,10997.67
1996-09-01,10327.0,10990.17
1996-10-01,10936.0,11055.58
1996-11-01,12514.0,11065.0
1996-12-01,19321.0,11059.25
1997-01-01,7959.0,11100.83
1997-02-01,8577.0,11087.75
1997-03-01,10551.0,11128.17
1997-04-01,9851.0,11091.92
1997-05-01,11182.0,11100.25
1997-06-01,10364.0,11108.33
1997-07-01,10442.0,11152.25
1997-08-01,12134.0,11179.83
1997-09-01,10649.0,11206.67
1997-10-01,11331.0,11239.58
1997-11-01,12894.0,11271.25
1997-12-01,20463.0,11366.42
1998-01-01,8556.0,11416.17
1998-02-01,9231.0,11470.67
1998-03-01,10572.0,11472.42
1998-04-01,11521.0,11611.58
1998-05-01,11914.0,11672.58
1998-06-01,11149.0,11738.0
1998-07-01,11334.0,11812.33
1998-08-01,12647.0,11855.08
1998-09-01,10922.0,11877.83
1998-10-01,12075.0,11939.83
1998-11-01,13504.0,11990.67
1998-12-01,21757.0,12098.5
1999-01-01,8993.0,12134.92
1999-02-01,9897.0,12190.42
1999-03-01,11781.0,12291.17
1999-04-01,12081.0,12337.83
1999-05-01,12833.0,12414.42
1999-06-01,11968.0,12482.67
1999-07-01,12150.0,12550.67
1999-08-01,13398.0,12613.25
1999-09-01,12053.0,12707.5
1999-10-01,12628.0,12753.58
1999-11-01,14282.0,12818.42
1999-12-01,23590.0,12971.17
2000-01-01,9206.0,12988.92
2000-02-01,10875.0,13070.42
2000-03-01,12535.0,13133.25
2000-04-01,12815.0,13194.42
2000-05-01,13393.0,13241.08
2000-06-01,12638.0,13296.92
2000-07-01,12199.0,13301.0
2000-08-01,14264.0,13373.17
2000-09-01,13046.0,13455.92
2000-10-01,13046.0,13490.75
2000-11-01,15299.0,13575.5
2000-12-01,24187.0,13625.25
2001-01-01,9803.0,13675.0
2001-02-01,11147.0,13697.67
2001-03-01,12749.0,13715.5
2001-04-01,13047.0,13734.83
2001-05-01,13443.0,13739.0
2001-06-01,12620.0,13737.5
2001-07-01,12291.0,13745.17
2001-08-01,14470.0,13762.33
2001-09-01,11815.0,13659.75
2001-10-01,12899.0,13647.5
2001-11-01,14977.0,13620.67
2001-12-01,23850.0,13592.58
2002-01-01,10071.0,13614.92
2002-02-01,11410.0,13636.83
2002-03-01,13632.0,13710.42
2002-04-01,12865.0,13695.25
2002-05-01,13785.0,13723.75
2002-06-01,12881.0,13745.5
2002-07-01,12557.0,13767.67
2002-08-01,14760.0,13791.83
2002-09-01,12138.0,13818.75
2002-10-01,13668.0,13882.83
2002-11-01,15524.0,13928.42
2002-12-01,24643.0,13994.5
2003-01-01,10523.0,14032.17
2003-02-01,11344.0,14026.67
2003-03-01,13125.0,13984.42
2003-04-01,13356.0,14025.33
2003-05-01,14360.0,14073.25
2003-06-01,13163.0,14096.75
2003-07-01,13519.0,14176.92
2003-08-01,15151.0,14209.5
2003-09-01,13236.0,14301.0
2003-10-01,14251.0,14349.58
2003-11-01,16155.0,14402.17
2003-12-01,26020.0,14516.92
2004-01-01,11489.0,14597.42
2004-02-01,12990.0,14734.58
2004-03-01,14410.0,14841.67
2004-04-01,14702.0,14953.83
2004-05-01,15002.0,15007.33
2004-06-01,13888.0,15067.75
2004-07-01,14314.0,15134.0
2004-08-01,15219.0,15139.67
2004-09-01,13884.0,15193.67
2004-10-01,15207.0,15273.33
2004-11-01,16823.0,15329.0
2004-12-01,27633.0,15463.42
2005-01-01,11740.0,15484.33
2005-02-01,13520.0,15528.5
2005-03-01,15358.0,15607.5
2005-04-01,15338.0,15660.5
2005-05-01,15597.0,15710.08
2005-06-01,15182.0,15817.92
2005-07-01,14865.0,15863.83
2005-08-01,16311.0,15954.83
2005-09-01,14606.0,16015.0
2005-10-01,16126.0,16091.58
2005-11-01,17972.0,16187.33
2005-12-01,29465.0,16340.0
2006-01-01,12582.0,16410.17
2006-02-01,14111.0,16459.42
2006-03-01,16011.0,16513.83
2006-04-01,16475.0,16608.58
2006-05-01,16703.0,16700.75
2006-06-01,16126.0,16779.42
2006-07-01,15909.0,16866.42
2006-08-01,17432.0,16959.83
2006-09-01,16389.0,17108.42
2006-10-01,16873.0,17170.67
2006-11-01,18949.0,17252.08
2006-12-01,30652.0,17351.0
2007-01-01,13581.0,17434.25
2007-02-01,14682.0,17481.83
2007-03-01,17623.0,17616.17
2007-04-01,16692.0,17634.25
2007-05-01,18020.0,17744.0
2007-06-01,16864.0,17805.5
2007-07-01,16459.0,17851.33
2007-08-01,18405.0,17932.42
2007-09-01,16346.0,17928.83
2007-10-01,17179.0,17954.33
2007-11-01,20035.0,18044.83
2007-12-01,29761.0,17970.58
2008-01-01,13812.0,17989.83
2008-02-01,15468.0,18055.33
2008-03-01,17341.0,18031.83
2008-04-01,16696.0,18032.17
2008-05-01,18616.0,18081.83
2008-06-01,16595.0,18059.42
2008-07-01,16964.0,18101.5
2008-08-01,18612.0,18118.75
2008-09-01,15502.0,18048.42
2008-10-01,16397.0,17983.25
2008-11-01,18319.0,17840.25
2008-12-01,26035.0,17529.75
2009-01-01,13060.0,17467.08
2009-02-01,14320.0,17371.42
2009-03-01,15195.0,17192.58
2009-04-01,15953.0,17130.67
2009-05-01,16832.0,16982.0
2009-06-01,15057.0,16853.83
2009-07-01,15627.0,16742.42
2009-08-01,17253.0,16629.17
2009-09-01,15243.0,16607.58
2009-10-01,16642.0,16628.0
2009-11-01,17881.0,16591.5
2009-12-01,26378.0,16620.08
2010-01-01,12866.0,16603.92
2010-02-01,14432.0,16613.25
2010-03-01,16972.0,16761.33
2010-04-01,16632.0,16817.92
2010-05-01,17284.0,16855.58
2010-06-01,15740.0,16912.5
2010-07-01,16444.0,16980.58
2010-08-01,17522.0,17003.0
2010-09-01,15853.0,17053.83
2010-10-01,17008.0,17084.33
2010-11-01,19537.0,17222.33
2010-12-01,27815.0,17342.08
2011-01-01,13358.0,17383.08
2011-02-01,15538.0,17475.25
2011-03-01,17821.0,17546.0
2011-04-01,18209.0,17677.42
2011-05-01,18309.0,17762.83
2011-06-01,17355.0,17897.42
2011-07-01,17521.0,17987.17
2011-08-01,18828.0,18096.0
2011-09-01,17575.0,18239.5
2011-10-01,17833.0,18308.25
2011-11-01,20478.0,18386.67
2011-12-01,30334.0,18596.58
2012-01-01,13998.0,18649.92
2012-02-01,17496.0,18813.08
2012-03-01,19709.0,18970.42
2012-04-01,18175.0,18967.58
2012-05-01,19476.0,19064.83
2012-06-01,18272.0,19141.25
2012-07-01,17852.0,19168.83
2012-08-01,20290.0,19290.67
2012-09-01,17954.0,19322.25
2012-10-01,18395.0,19369.08
2012-11-01,21502.0,19454.42
2012-12-01,30692.0,19484.25
2013-01-01,14800.0,19551.08
2013-02-01,16971.0,19507.33
2013-03-01,20125.0,19542.0
2013-04-01,18758.0,19590.58
2013-05-01,20319.0,19660.83
2013-06-01,18519.0,19681.42
2013-07-01,18764.0,19757.42
2013-08-01,21102.0,19825.08
2013-09-01,17713.0,19805.0
2013-10-01,19427.0,19891.0
2013-11-01,21950.0,19928.33
2013-12-01,30821.0,19939.08
2014-01-01,14828.0,19941.42
2014-02-01,17106.0,19952.67
2014-03-01,19639.0,19912.17
2014-04-01,19889.0,20006.42
2014-05-01,21094.0,20071.0
2014-06-01,18536.0,20072.42
2014-07-01,19413.0,20126.5
2014-08-01,21528.0,20162.0
2014-09-01,18243.0,20206.17
2014-10-01,19790.0,20236.42
2014-11-01,22985.0,20322.67
2014-12-01,31870.0,20410.08
2015-01-01,15417.0,20459.17
2015-02-01,17593.0,20499.75
2015-03-01,20293.0,20554.25
2015-04-01,19952.0,20559.5
2015-05-01,21665.0,20607.08
2015-06-01,19252.0,20666.75
2015-07-01,20158.0,20728.83
2015-08-01,21884.0,20758.5
2015-09-01,18769.0,20802.33
2015-10-01,20263.0,20841.75
2015-11-01,22575.0,20807.58
2015-12-01,32614.0,20869.58
2016-01-01,15322.0,20861.67
2016-02-01,18486.0,20936.08
2016-03-01,20997.0,20994.75
2016-04-01,19951.0,20994.67
2016-05-01,21165.0,20953.0
2016-06-01,19723.0,20992.25
2016-07-01,20233.0,20998.5
2016-08-01,21918.0,21001.33
2016-09-01,19391.0,21053.17
2016-10-01,20105.0,21040.0
2016-11-01,23176.0,21090.08
2016-12-01,33817.0,21190.33
2017-01-01,15473.0,21202.92
2017-02-01,17538.0,21123.92
2017-03-01,20800.0,21107.5
2017-04-01,20625.0,21163.67
2017-05-01,21384.0,21181.92
2017-06-01,20092.0,21212.67
2017-07-01,20273.0,21216.0
2017-08-01,22200.0,21239.5
2017-09-01,19381.0,21238.67
2017-10-01,19926.0,21223.75
2017-11-01,23911.0,21285.0
2017-12-01,32958.0,21213.42
2018-01-01,15316.0,21200.33
2018-02-01,17879.0,21228.75
2018-03-01,21580.0,21293.75
2018-04-01,19853.0,21229.42
2018-05-01,22952.0,21360.08
2018-06-01,20703.0,21411.0
2018-07-01,21067.0,21477.17
2018-08-01,22457.0,21498.58
2018-09-01,19227.0,21485.75
2018-10-01,20599.0,21541.83
2018-11-01,24658.0,21604.08
2018-12-01,33074.0,21613.75
2019-01-01,15709.0,21646.5
2019-02-01,17456.0,21611.25
2019-03-01,21468.0,21601.92
2019-04-01,20864.0,21686.17
2019-05-01,22443.0,21643.75
2019-06-01,20537.0,21629.92
2019-07-01,21128.0,21635.0
2019-08-01,23201.0,21697.0
2019-09-01,19018.0,21679.58
2019-10-01,20828.0,21698.67
2019-11-01,24454.0,21681.67
2019-12-01,34163.0,21772.42
2020-01-01,16314.0,21822.83
2020-02-01,18587.0,21917.08
2020-03-01,10614.0,21012.58
2020-04-01,2631.0,19493.17
2020-05-01,8403.0,18323.17
2020-06-01,15756.0,17924.75
2020-07-01,17056.0,17585.42
2020-08-01,18045.0,17155.75
2020-09-01,17845.0,17058.0
2020-10-01,19047.0,16909.58
2020-11-01,20197.0,16554.83
2020-12-01,30425.0,16243.33
2021-01-01,14864.0,16122.5
2021-02-01,15471.0,15862.83
2021-03-01,22898.0,16886.5
2021-04-01,22386.0,18532.75
2021-05-01,24962.0,19912.67
2021-06-01,23705.0,20575.08
2021-07-01,24315.0,21180.0
2021-08-01,24108.0,21685.25
2021-09-01,21703.0,22006.75
2021-10-01,23350.0,22365.33
2021-11-01,27451.0,22969.83
2021-12-01,37490.0,23558.58
2022-01-01,17137.0,23748.0
2022-02-01,19345.0,24070.83
2022-03-01,24310.0,24188.5
2022-04-01,24428.0,24358.67
2022-05-01,25313.0,24387.92
2022-06-01,23552.0,24375.17
2022-07-01,23733.0,24326.67
2022-08-01,24772.0,24382.0
2022-09-01,22359.0,24436.67
2022-10-01,23409.0,24441.58
2022-11-01,27000.0,24404.0
2022-12-01,37932.0,24440.83
2023-01-01,18427.0,24548.33
2023-02-01,19902.0,24594.75
2023-03-01,23641.0,24539.0
2023-04-01,23422.0,24455.17
2023-05-01,25160.0,24442.42
2023-06-01,23528.0,24440.42
2023-07-01,24075.0,24468.92
2023-08-01,25772.0,24552.25
2023-09-01,22573.0,24570.08
2023-10-01,23143.0,24547.92
2023-11-01,27490.0,24588.75
2023-12-01,39318.0,24704.25
2024-01-01,18472.0,24708.0
2024-02-01,21169.0,24813.58
2024-03-01,24109.0,24852.58
2024-04-01,23150.0,24829.92
2024-05-01,26511.0,24942.5
2024-06-01,24285.0,25005.58
2024-07-01,24575.0,25047.25
2024-08-01,26262.0,25088.08
2024-09-01,22259.0,25061.92
2024-10-01,24359.0,25163.25
2024-11-01,28716.0,25265.42
2024-12-01,39876.0,25311.92
2025-01-01,19461.0,25394.33
2025-02-01,20653.0,25351.33
2025-03-01,24941.0,25420.67
2025-04-01,24739.0,25553.08
2025-05-01,27920.0,25670.5
2025-06-01,24976.0,25728.08
2025-07-01,26670.0,25902.67
2025-08-01,28215.0,26065.42
2025-09-01,23868.0,26199.5
2025-10-01,26124.0,26346.58
2025-11-01,30762.0,26517.08
2025-12-01,41920.0,26687.42
2026-01-01,20522.0,26775.83
2026-02-01,22418.0,26922.92
2026-03-01,26690.0,27068.67
2026-04-01,25869.0,27162.83
2026-05-01,29282.0,27276.33
2026-06-01,26295.0,27386.25
2026-07-01,27951.0,27493.0
