sales_year,peak_month,peak_sales_millions,trough_month,trough_sales_millions
2026,5,29282,8,NULL
2025,12,41920,1,19461
2024,12,39876,1,18472
2023,12,39318,1,18427
2022,12,37932,1,17137
2021,12,37490,1,14864
2020,12,30425,4,2631
2019,12,34163,1,15709
2018,12,33074,1,15316
2017,12,32958,1,15473
2016,12,33817,1,15322
2015,12,32614,1,15417
2014,12,31870,1,14828
2013,12,30821,1,14800
2012,12,30692,1,13998
2011,12,30334,1,13358
2010,12,27815,1,12866
2009,12,26378,1,13060
2008,12,26035,1,13812
2007,12,29761,1,13581
2006,12,30652,1,12582
2005,12,29465,1,11740
2004,12,27633,1,11489
2003,12,26020,1,10523
2002,12,24643,1,10071
2001,12,23850,1,9803
2000,12,24187,1,9206
1999,12,23590,1,8993
1998,12,21757,1,8556
1997,12,20463,1,7959
1996,12,19321,1,7460
1995,12,19390,1,7306
1994,12,19396,1,7077
1993,12,18272,1,7297
1992,12,17834,1,6734
